{"cameraMode":{"drawMode":0,"name":"Shaded","section":"Shading Mode"},"sceneLighting":true,"audioPlay":false,"sceneViewState":{"m_AlwaysRefresh":false,"showFog":true,"showSkybox":true,"showFlares":true,"showImageEffects":true,"showParticleSystems":true,"showVisualEffectGraphs":true,"m_FxEnabled":true},"in2DMode":false,"pivot":{"x":669.4008178710938,"y":264.8438415527344,"z":232.0228271484375},"rotation":{"x":0.005994435399770737,"y":-0.04348547011613846,"z":0.0002600773877929896,"w":0.9990381002426148},"size":638.0267333984375,"orthographic":false}