{"cameraMode":{"drawMode":0,"name":"Shaded","section":"Shading Mode"},"sceneLighting":true,"audioPlay":false,"sceneViewState":{"m_AlwaysRefresh":false,"showFog":true,"showSkybox":true,"showFlares":true,"showImageEffects":true,"showParticleSystems":true,"showVisualEffectGraphs":true,"m_FxEnabled":true},"in2DMode":false,"pivot":{"x":637.3419799804688,"y":413.31854248046877,"z":196.7181396484375},"rotation":{"x":-0.08539420366287232,"y":-0.004483551252633333,"z":-0.00038621012936346233,"w":0.9963400363922119},"size":612.3897705078125,"orthographic":false}